-- phpMyAdmin SQL Dump
-- version 4.6.5.2
-- https://www.phpmyadmin.net/
--
-- Servidor: 127.0.0.1
-- Tiempo de generación: 22-05-2019 a las 22:55:05
-- Versión del servidor: 10.1.21-MariaDB
-- Versión de PHP: 7.1.1

SET SQL_MODE = "NO_AUTO_VALUE_ON_ZERO";
SET time_zone = "+00:00";


/*!40101 SET @OLD_CHARACTER_SET_CLIENT=@@CHARACTER_SET_CLIENT */;
/*!40101 SET @OLD_CHARACTER_SET_RESULTS=@@CHARACTER_SET_RESULTS */;
/*!40101 SET @OLD_COLLATION_CONNECTION=@@COLLATION_CONNECTION */;
/*!40101 SET NAMES utf8mb4 */;

--
-- Base de datos: `boleta_bd`
--

-- --------------------------------------------------------

--
-- Estructura de tabla para la tabla `boleta`
--

CREATE TABLE `boleta` (
  `id` int(11) NOT NULL,
  `tipo` enum('Boleta','Poliza') NOT NULL,
  `categoria` enum('Cumplimiento de Contrato','Seriedad de Propuesta','Correcta Inversion de Anticipo') NOT NULL,
  `afianzado` varchar(80) NOT NULL,
  `empresa` varchar(80) NOT NULL,
  `ent_financiera` varchar(80) NOT NULL,
  `codigo` varchar(50) NOT NULL,
  `moneda` enum('BS','USD','EUR') NOT NULL,
  `monto` float NOT NULL,
  `poliza` varchar(50) NOT NULL,
  `bs` float NOT NULL,
  `us` float NOT NULL,
  `objeto` longtext NOT NULL,
  `obs` longtext NOT NULL,
  `inicio` datetime NOT NULL,
  `fin` datetime NOT NULL,
  `estado` enum('0','1','2','3','4') NOT NULL,
  `respaldo` longtext
) ENGINE=InnoDB DEFAULT CHARSET=latin1;

--
-- Volcado de datos para la tabla `boleta`
--

INSERT INTO `boleta` (`id`, `tipo`, `categoria`, `afianzado`, `empresa`, `ent_financiera`, `codigo`, `moneda`, `monto`, `poliza`, `bs`, `us`, `objeto`, `obs`, `inicio`, `fin`, `estado`, `respaldo`) VALUES
(8, 'Boleta', 'Correcta Inversion de Anticipo', 'SERESCO S.A.', 'MINISTERIO DE OBRAS PUBLICAS, SERVICIOS Y VIVIENDA', 'BANCO DE CRÉDITO DE BOLIVIA S.A.', 'D201-76747', 'USD', 549120, '', 0, 0, 'LOTE N° 1 LEVANTAMIENTO CATASTRAL DEL ÁREA URBANA INTENSIVA CONSOLIDADA DEL MUNICIPIO DE EL ALTO ', '-', '2018-10-12 00:00:00', '2019-01-08 23:59:00', '2', NULL),
(9, 'Boleta', 'Correcta Inversion de Anticipo', 'SERESCO S.A.', 'MINISTERIO DE OBRAS PUBLICAS, SERVICIOS Y VIVIENDA', 'BANCO DE CRÉDITO DE BOLIVIA', 'D201-75624', 'USD', 449250, '', 0, 0, 'LOTE N° 1 LEVANTAMIENTO CATASTRAL DEL ÁREA URBANA INTENSIVA CONSOLIDADA DEL MUNICIPIO DE COCHABAMBA', '-', '2018-08-22 00:00:00', '2019-01-30 23:59:00', '2', NULL),
(10, 'Boleta', 'Correcta Inversion de Anticipo', 'APCA SUMMA TOP COM S.R.L.', 'MINISTERIO DE OBRAS PUBLICAS, SERVICIOS Y VIVIENDA', 'BANCO NACIONAL DE BOLIVIA', '10116004/18', 'USD', 29777.5, '', 0, 0, 'SUPERVISIÓN AL LEVANTAMIENTO CATASTRAL DE COCHABAMBA ', '-', '2018-11-30 00:00:00', '2019-03-01 23:59:00', '0', NULL),
(11, 'Boleta', 'Cumplimiento de Contrato', 'GEODATUM S.A. DE C.V.', 'MINISTERIO DE OBRAS PUBLICAS, SERVICIO Y VIVIENDA', 'BANCO BISA S.A.', 'CT-102360-0101', 'USD', 47755, '', 0, 0, 'LEVANTAMIENTO CATASTRAL CIUDAD DE VIACHA', '-', '2018-08-01 00:00:00', '2019-05-03 23:59:00', '0', NULL),
(12, 'Poliza', 'Correcta Inversion de Anticipo', 'GEOMATIC & MAPPING SYSTEM S.R.L.', 'MINISTERIO DE OBRAS PUBLICAS, SERVICIOS Y VIVIENDA', 'SEGUROS Y REASEGUROS CREDINFORM INTERNATIONAL S.A.', 'CIP-ORE0228748', 'BS', 142523, '', 0, 0, 'SUPERVISION DEL LEVANTAMIENTO CATASTRAL DE VIACHA', '-', '2018-08-15 12:00:00', '2019-08-15 12:00:00', '0', NULL),
(13, 'Boleta', 'Correcta Inversion de Anticipo', 'INGENIERIA, DE ESTUDIOS Y PROYECTOS NIP S.A.', 'MINISTERIO DE OBRAS PUBLICAS, SERVICIOS Y VIVIENDA', 'BANCO BISA S.A.', 'CT-034985-0300', 'USD', 12754.7, '', 0, 0, 'SUPERVISION AL LEVANTAMIENTO CATASTRAL DE COCHABAMBA', '-', '2018-12-20 00:00:00', '2019-03-31 23:59:00', '0', NULL),
(14, 'Boleta', 'Correcta Inversion de Anticipo', 'INGENIERÍA,  ESTUDIOS Y PROYECTOS NIP S.A. ', 'MINISTERIO DE OBRAS PUBLICAS, SERVICIOS Y VIVIENDA', 'BANCO BISA S.A.', 'CT-034984-0300', 'USD', 138718, '', 0, 0, 'SUPERVISION AL LEVANTAMIENTO CATASTRAL DE EL ALTO', '-', '2018-12-20 00:00:00', '2019-01-08 23:59:00', '0', NULL),
(15, 'Boleta', 'Correcta Inversion de Anticipo', 'SERESCO S.A.', 'MINISTERIO DE OBRAS PUBLICAS, SERVICIOS Y VIVIENDA ', 'BANCO DE CRÉDITO DE BOLIVIA S.A. ', 'D201-77275', 'USD', 186746, '', 0, 0, 'LOTE N° 1 LEVANTAMIENTO CATASTRAL DEL ÁREA URBANA INTENSIVA CONSOLIDADA  DEL MUNICIPIO DE ORURO ', '-', '2018-11-08 00:00:00', '2019-04-04 23:59:00', '2', NULL),
(16, 'Boleta', 'Cumplimiento de Contrato', 'SERESCO S.A. ', 'MINISTERIO DE OBRAS PUBLICAS, SERVICIO Y VIVIENDA', 'BANCO DE CRÉDITO DE BOLIVIA S.A.', 'D201-77271', 'USD', 87148, '', 0, 0, 'LOTE N° 1 LEVANTAMIENTO CATASTRAL DEL ÁREA URBANA INTENSIVA CONSOLIDADA DEL MUNICIPIO DE ORURO ', '-', '2018-11-08 00:00:00', '2019-04-04 23:59:00', '0', NULL),
(17, 'Boleta', 'Correcta Inversion de Anticipo', 'SAI - ENGEMAP', 'MINISTERIO DE OBRAS PUBLICAS, SERVICIO Y VIVIENDA', 'BANCO DE CRÉDITO DE BOLIVIA S.A.', 'D201-75973', 'USD', 600000, '', 0, 0, 'ACTUALIZACIÓN MASIVA DE REGISTROS CATASTRALES MUNICIPIOS MEDIANTE CONTRATO N° 2664/BL-BO DEL 12 DE JUNIO DE 2018.', '-', '2018-09-06 00:00:00', '2020-04-27 23:59:00', '0', NULL),
(18, 'Poliza', 'Correcta Inversion de Anticipo', 'GERENSSA S.R.L.', 'MINISTERIO DE OBRAS PUBLICAS, SERVICIOS Y VIVIENDA', 'ALIANZA COMPAÑÍA DE SEGUROS Y REASEGUROS S.A.', '65013928', 'BS', 1457330, '', 0, 0, 'COMUNICACIÓN DE RESULTADOS DEL PROCESO DE ESTUDIO DE MERCADO INMOBILIARIO DE LAS CIUDADES DE COBIJA, ORURO, COCHABAMBA, SACABA, EL TORNO, POTOSÍ, SUCRE, TARIJA, SANTA CRUZ DE LA SIERRA, VIACHA Y TRINIDAD.', '-', '2019-01-10 12:00:00', '2019-03-10 12:00:00', '0', NULL),
(19, 'Boleta', 'Cumplimiento de Contrato', 'SERVICIOS AÉREOS INDUSTRIÁIS ESPECIALIZADOS SAI LTDA.', 'MINISTERIO DE OBRAS PUBLICAS, SERVICIOS Y VIVIENDA ', 'BANCO DE CRÉDITO DE BOLIVIA S.A.', 'D201-74991', 'USD', 226000, '', 0, 0, 'ACTUALIZACIÓN MASIVA DE REGISTROS CATASTRALES MUNICIPIOS', '-', '2020-05-28 00:00:00', '2020-05-28 23:59:00', '0', NULL),
(20, 'Boleta', 'Cumplimiento de Contrato', 'ENGEMAP ENGENHARIA MAPEAMENTOE AEROLEVANTAMENTO LTDA.', 'MINISTERIO DE OBRAS PUBLICAS, SERVICIO Y VIVIENDA', 'BANCO DO BRASIL', '3501329', 'BS', 2316810, '', 0, 0, 'ACTUALIZACIÓN MASIVA DE REGISTROS CATASTRALES MUNICIPIO DE SANTA CRUZ', '-', '2018-07-06 00:00:00', '2019-11-04 23:59:00', '0', NULL),
(21, 'Boleta', 'Correcta Inversion de Anticipo', 'ENGEMAP ENGENHARIA MAPEAMENTO EAEROLEVANTAMENTO LTDA', 'MINISTERIO DE OBRAS PUBLICAS, SERVICIOS Y VIVIENDA', 'BANCO DO BRASIL', '4021027', 'USD', 280000, '', 0, 0, 'ACTUALIZACIÓN MASIVA DE REGISTROS CATASTRALES DEL MUNICIPIO SANTA CRUZ DE LA SIERRA', '-', '2018-09-12 00:00:00', '2019-12-06 23:59:00', '0', NULL),
(22, 'Boleta', 'Cumplimiento de Contrato', 'COMPAÑÍA DE SEGUROS Y REASEGUROS FORTALEZA S.A. ', 'MINISTERIO DE OBRAS PUBLICAS, SERVICIO Y VIVIENDA', 'BANCO NACIONAL DE BOLIVIA S.A.', '10205140/18', 'BS', 1782.2, '', 0, 0, 'CONTRATACIÓN DE SEGUROS MULTIRIESGO PARA LOS ACTIVOS  DEL PROGRAMA DE MEJORA DE LA GESTIÓN MUNICIPAL Y LOS GAMS BENEFICIARIOS. ', '-', '2018-06-20 00:00:00', '2019-03-31 23:59:00', '0', NULL),
(23, 'Poliza', 'Correcta Inversion de Anticipo', 'GEOMATIC & MAPPING SYSTEM S.R.L.', 'MINISTERIO DE OBRAS PUBLICAS, SERVICIO Y VIVIENDA', 'SEGUROS Y REASEGUROS CREDINFORM INTERNATIONAL S.A.', 'CIP-ORE0225177', 'BS', 150893, '', 0, 0, 'SUPERVISION DEL LEVANTAMIENTO CATASTRAL DE POTOSÍ ', '-', '2018-07-27 12:00:00', '2019-04-23 12:00:00', '0', NULL),
(24, 'Boleta', 'Cumplimiento de Contrato', 'ORGANIZACIÓN PARA EL DESARROLLO DE SISTEMAS Y PROYECTOS S.R.L.-ODESPRO S.R.L. ', 'MINISTERIO DE OBRAS PUBLICAS ', 'BANCO NACIONAL DE BOLIVIA S.A.', '10106557/18', 'BS', 280659, '', 0, 0, 'DIGITALIZACION DE ARCHIVOS DOCUMENTALES CATASTRALES DEL GOBIERNO AUTÓNOMO MUNICIPAL DE SANTA CRUZ', '-', '2018-05-24 00:00:00', '2020-05-25 23:59:00', '0', NULL),
(25, 'Boleta', 'Correcta Inversion de Anticipo', 'ORGANIZACIÓN PARA EL DESARROLLO DE SISTEMAS Y PROYECTOS S.R.L. ODESPRO S.R.L. ', 'MINISTERIO DE OBRAS PUBLICAS, SERVICIOS Y VIVIENDA', 'BANCO NACIONAL DE BOLIVIA S.A.', '10106558/18', 'BS', 601413, '', 0, 0, 'DIGITALIZACION DE ARCHIVOS DOCUMENTALES CATASTRALES DEL GOBIERNO AUTÓNOMO MUNICIPAL DE SANTA CRUZ', '-', '2018-05-24 00:00:00', '2020-05-25 23:59:00', '0', NULL),
(26, 'Boleta', 'Correcta Inversion de Anticipo', 'UTE EPTISA TECNOURBAN (APCA EPTISA-TECNOURBAN)', 'MINISTERIO DE OBRAS PUBLICAS, SERVICIO Y VIVIENDA', 'BANCO MERCANTIL SANTA CRUZ  S.A.', 'BGC - 1000118290', 'USD', 329488, '', 0, 0, 'SISTEMAS ESPACIAL DE INFORMACIÓN CATASTRAL URBANA - SEICU', '', '2019-01-01 00:00:00', '2019-02-28 23:59:00', '0', NULL),
(27, 'Boleta', 'Correcta Inversion de Anticipo', 'INGENIERÍA DE ESTUDIOS Y PROYECTOS NIP S.A.', 'MINISTERIO DE OBRAS PUBLICAS, SERVICIO Y VIVIENDA', 'BANCO BISA S.A.', 'CT-034986-0300', 'USD', 20241.8, '', 0, 0, 'SUPERVISION AL LEVANTAMIENTO CATASTRAL DEL ÁREA URBANA INTENSIVA DEL MUNICIPIO DE ORURO', '-', '2018-12-20 00:00:00', '2018-12-27 23:59:00', '2', NULL),
(28, 'Boleta', 'Cumplimiento de Contrato', 'SERESCO S.A.', 'MINISTERIO DE OBRAS PUBLICAS, SERVICIO Y VIVIENDA', 'BANCO BISA S.A.', 'CT-105934-0101', 'USD', 209650, '', 0, 0, 'LEVANTAMIENTO CATASTRAL DEL ÁREA URBANA INTENSIVA CONSOLIDADA DEL MUNICIPIO DE COCHABAMBA', '-', '2019-01-10 00:00:00', '2019-03-30 23:59:00', '0', NULL),
(29, 'Boleta', 'Cumplimiento de Contrato', 'ELECTRO HOGAR S.R.L.', 'MINISTERIO DE OBRAS PUBLICAS, SERVICIOS Y VIVIENDA', 'BANCO BISA S.A.', '8G-083848-0200', 'BS', 1500, '', 0, 0, 'ADQUISICION DE EQUIPOS DE COMPUTACION, COMUNICACION Y PROYECTORAS PARA EL GAM EL ALTO', '', '2019-03-28 00:00:00', '2019-08-30 23:59:00', '0', NULL),
(30, 'Boleta', 'Correcta Inversion de Anticipo', 'INGENIERÍA, ESTUDIOS Y PROYECTOS NIP, S.A.', 'MINISTERIO DE OBRAS PUBLICAS, SERVICIOS Y VIVIENDA', 'BANCO BISA S.A.', 'CT-035330-0300', 'USD', 236488, '', 0, 0, 'PARA LA PROVISIÓN DE ´ SUPERVISOR ACTUALIZACIÓN MASIVA DE REGISTROS CATASTRALES DEL MUNICIPIO SANTA CRUZ DE LA SIERRA´', '', '2019-03-07 00:00:00', '2020-02-28 23:59:00', '0', NULL),
(31, 'Boleta', 'Cumplimiento de Contrato', 'VICTOR ANGEL SEGALES AGUILAR', 'MINISTERIO DE OBRAS PUBLICAS, SERVICIOS Y VIVIENDA', 'BANCO FIE', 'GRB00819061891', 'BS', 3808, '', 0, 0, 'ADQUISICIÓN DE MOBILIARIO PARA EL GOBIERNO AUTÓNOMO MUNICIPAL DE EL ALTO (34 ESCRITORIO PERSONALES - ITEM N° 1)', 'SON 3 GARANTÍAS DE DISTINTAS ENTIDADES BANCARIAS', '2019-03-22 00:00:00', '2019-05-09 23:59:00', '0', NULL),
(32, 'Poliza', 'Cumplimiento de Contrato', 'GERARDO RAMOS TARQUI', 'MINISTERIO DE OBRAS PUBLICAS, SERVICIOS Y VIVIENDA', 'CREDINFORM', 'SUP-LPE0265913', 'BS', 58151.7, '', 0, 0, 'ADQUISICIÓN DE MOBILIARIO PARA EL GOBIERNO AUTÓNOMO MUNICIPAL DE EL ALTO (ESTANTES)', 'SON 3 GARANTÍAS DE DISTINTAS ENTIDADES BANCARIAS', '2019-06-28 12:00:00', '2019-06-28 12:00:00', '0', NULL),
(33, 'Boleta', 'Cumplimiento de Contrato', 'MADERERA PARADISE CONDORI VILLCA', 'MINISTERIO DE OBRAS PUBLICAS, SERVICIOS Y VIVIENDA', 'BANCO BISA', 'BG-002923-0150', 'BS', 2380, '', 0, 0, 'ADQUISICIÓN DE MOBILIARIO PARA EL GOBIERNO AUTÓNOMO MUNICIPAL DE EL ALTO (SILLAS PARA ESCRITORIOS  ITEM 3)', 'SON 3 GARANTÍAS DE DISTINTAS ENTIDADES BANCARIAS', '2019-05-10 00:00:00', '2019-05-10 23:59:00', '0', NULL);

-- --------------------------------------------------------

--
-- Estructura de tabla para la tabla `usuario`
--

CREATE TABLE `usuario` (
  `id` int(11) NOT NULL,
  `usuario` varchar(50) NOT NULL,
  `nombre` varchar(50) NOT NULL,
  `pass` longtext NOT NULL
) ENGINE=InnoDB DEFAULT CHARSET=latin1;

--
-- Volcado de datos para la tabla `usuario`
--

INSERT INTO `usuario` (`id`, `usuario`, `nombre`, `pass`) VALUES
(1, 'administrador', 'Marco Antonio Calderon Condori', 'd033e22ae348aeb5660fc2140aec35850c4da997'),
(2, 'amira.dominguez', 'Amira Liseth Dominguez Bautista', '69c5a656ca6d7d5d31efc55c7beb4f7555168114'),
(3, 'marta.mamani', 'Marta Mamani Huallpa', '0135fc01a0091dc118b19ec87af1b25cbaa40614');

-- --------------------------------------------------------

--
-- Estructura de tabla para la tabla `vigencia`
--

CREATE TABLE `vigencia` (
  `id` int(11) NOT NULL,
  `tipo` enum('Boleta','Poliza') NOT NULL,
  `categoria` enum('Cumplimiento de Contrato','Seriedad de Propuesta','Correcta Inversion de Anticipo') NOT NULL,
  `afianzado` varchar(80) NOT NULL,
  `empresa` varchar(80) NOT NULL,
  `ent_financiera` varchar(80) NOT NULL,
  `codigo` varchar(50) NOT NULL,
  `moneda` enum('BS','USD','EUR') NOT NULL,
  `monto` float NOT NULL,
  `objeto` longtext NOT NULL,
  `obs` longtext NOT NULL,
  `inicio` datetime NOT NULL,
  `fin` datetime NOT NULL,
  `fecha_inicio` datetime NOT NULL,
  `fecha_fin` datetime NOT NULL,
  `id_boleta` int(11) NOT NULL,
  `respaldo` longtext
) ENGINE=InnoDB DEFAULT CHARSET=latin1;

--
-- Volcado de datos para la tabla `vigencia`
--

INSERT INTO `vigencia` (`id`, `tipo`, `categoria`, `afianzado`, `empresa`, `ent_financiera`, `codigo`, `moneda`, `monto`, `objeto`, `obs`, `inicio`, `fin`, `fecha_inicio`, `fecha_fin`, `id_boleta`, `respaldo`) VALUES
(4, 'Boleta', 'Correcta Inversion de Anticipo', 'INGENIERÍA DE ESTUDIOS Y PROYECTOS NIP S.A. ', 'MINISTERIO DE OBRAS PUBLICAS, SERVICIOS Y VIVIENDA', 'BANCO BISA S.A.', 'CT-035116-0300', 'USD', 138718, 'CORRECTA INVERSION DE ANTICIPO \"LEVANTAMIENTO CATASTRAL DE EL ALTO N° 00/017  PMGM-FC-007-16', '', '2019-01-18 00:00:00', '2019-02-28 23:59:00', '0000-00-00 00:00:00', '0000-00-00 00:00:00', 14, NULL),
(5, 'Boleta', 'Correcta Inversion de Anticipo', 'UTE EPTISA TECNOURBAN (APCA EPTISA-TECNOURBAN)', 'MINISTERIO DE OBRAS PUBLICAS, SERVICIO Y VIVIENDA', 'BANCO MERCANTIL SANTA CRUZ S.A.', 'BGC - 1000118529', 'USD', 329488, 'PMGM-FC-001-14 \"SISTEMA ESPACIAL DE INFORMACIÓN CATASTRAL URBANA - SEICU\"', '-', '2019-01-01 00:00:00', '2019-03-31 23:59:00', '0000-00-00 00:00:00', '0000-00-00 00:00:00', 26, NULL),
(6, 'Boleta', 'Correcta Inversion de Anticipo', 'APCA SUMMA TOP COM S.R.L.', 'MINISTERIO DE OBRAS PUBLICAS, SERVICIOS Y VIVIENDA', 'BANCO NACIONAL DE BOLIVIA', '10102053/19', 'USD', 29777.5, 'SUPERVISIÓN AL LEVANTAMIENTO CATASTRAL DE COCHABAMBA', '', '2019-03-01 00:00:00', '2019-03-31 23:59:00', '0000-00-00 00:00:00', '0000-00-00 00:00:00', 10, NULL),
(7, 'Boleta', 'Correcta Inversion de Anticipo', 'APCA SUMMA TOP COM S.R.L.', 'MINISTERIO DE OBRAS PUBLICAS, SERVICIOS Y VIVIENDA', 'BANCO NACIONAL DE BOLIVIA', '10103262/19', 'USD', 29777.5, 'SUPERVISIÓN AL LEVANTAMIENTO CATASTRAL DE COCHABAMBA', 'SE OBSERVO QUE TIENE TRES DIAS SIN GARANTIA DEL 01/04/2019 AL 03/04/2019', '2019-04-04 00:00:00', '2019-07-01 23:59:00', '0000-00-00 00:00:00', '0000-00-00 00:00:00', 10, NULL),
(8, 'Poliza', 'Correcta Inversion de Anticipo', 'GERENSSA S.R.L.', 'MINISTERIO DE OBRAS PUBLICAS, SERVICIOS Y VIVIENDA', 'ALIANZA COMPAÑÍA DE SEGUROS Y REASEGUROS S.A. E.M.A.', '108-922621-2008-01-080', 'BS', 1457330, 'COMUNICACIÓN DE RESULTADOS DEL PROCESO DE ESTUDIO DE MERCADO INMOBILIARIO DE LAS CIUDADES DE COBIJA, ORURO, COCHABAMBA, SACABA, EL TORNO, POTOSÍ, SUCRE, TARIJA, SANTA CRUZ DE LA SIERRA, VIACHA Y TRINIDAD.', '', '2019-03-10 12:00:00', '2019-05-10 12:00:00', '0000-00-00 00:00:00', '0000-00-00 00:00:00', 18, NULL),
(9, 'Boleta', 'Correcta Inversion de Anticipo', 'INGENIERÍA DE ESTUDIOS Y PROYECTOS NIP S.A. ', 'MINISTERIO DE OBRAS PUBLICAS, SERVICIOS Y VIVIENDA', 'BANCO BISA S.A.', 'CT-035308-0300', 'USD', 138.718, 'SUPERVISOR AL LEVANTAMIENTO CATASTRAL DE EL ALTO', '-', '2019-03-01 00:00:00', '2019-03-29 23:59:00', '0000-00-00 00:00:00', '0000-00-00 00:00:00', 14, NULL),
(10, 'Boleta', 'Correcta Inversion de Anticipo', 'INGENIERÍA DE ESTUDIOS Y PROYECTOS NIP S.A. ', 'MINISTERIO DE OBRAS PUBLICAS, SERVICIOS Y VIVIENDA', 'BANCO BISA S.A.', 'CT-035506-0300', 'USD', 138718, 'SUPERVISOR AL LEVANTAMIENTO CATASTRAL DE EL ALTO', '-', '2019-04-01 00:00:00', '2019-04-30 23:59:00', '0000-00-00 00:00:00', '0000-00-00 00:00:00', 14, NULL),
(11, 'Boleta', 'Correcta Inversion de Anticipo', 'UTE EPTISA TECNOURBAN (APCA EPTISA-TECNOURBAN)', 'MINISTERIO DE OBRAS PUBLICAS, SERVICIO Y VIVIENDA', 'BANCO MERCANTIL SANTA CRUZ  S.A.', 'BGC - 1000119725', 'USD', 329488, 'SISTEMAS ESPACIAL DE INFORMACIÓN CATASTRAL URBANA - SEICU', '-', '2019-04-01 00:00:00', '2019-05-31 23:59:00', '0000-00-00 00:00:00', '0000-00-00 00:00:00', 26, NULL),
(12, 'Poliza', 'Correcta Inversion de Anticipo', 'GERENSSA S.R.L.', 'MINISTERIO DE OBRAS PUBLICAS, SERVICIOS Y VIVIENDA', 'ALIANZA COMPAÑÍA DE SEGUROS Y REASEGUROS S.A.', '65013928', 'BS', 1457330, 'COMUNICACIÓN DE RESULTADOS DEL PROCESO DE ESTUDIO DE MERCADO INMOBILIARIO DE LAS CIUDADES DE COBIJA, ORURO, COCHABAMBA, SACABA, EL TORNO, POTOSÍ, SUCRE, TARIJA, SANTA CRUZ DE LA SIERRA, VIACHA Y TRINIDAD.', '-', '2019-05-10 12:00:00', '2019-07-10 12:00:00', '0000-00-00 00:00:00', '0000-00-00 00:00:00', 18, NULL),
(13, 'Boleta', 'Cumplimiento de Contrato', 'GEODATUM S.A. DE C.V.', 'MINISTERIO DE OBRAS PUBLICAS, SERVICIO Y VIVIENDA', 'BANCO BISA S.A.', 'CT-107710-0101', 'USD', 47755, 'LEVANTAMIENTO CATASTRAL CIUDAD DE VIACHA', 'LA BOLETA NO TIENE INTERRUPCIÓN SE ADJUNTA NOTA DEL BANCO BISA, ASUNTO VALIDEZ DE LA GARANTÍA A PRIMER REQUERIMIENTO DE CUMPLIMIENTO DE CONTRATO CT-102360-0101 Y SU RENOVACIÓN POR LA CT-107710-0101, ESTO POR LOS DÍAS QUE NO REFLEJAN EN LA BOLETA, ES POR ESTO QUE SE MANTUVO ININTERRUMPIDAMENTE SU VALIDEZ.', '2019-05-08 00:00:00', '2019-06-18 23:59:00', '0000-00-00 00:00:00', '0000-00-00 00:00:00', 11, NULL);

--
-- Índices para tablas volcadas
--

--
-- Indices de la tabla `boleta`
--
ALTER TABLE `boleta`
  ADD PRIMARY KEY (`id`);

--
-- Indices de la tabla `usuario`
--
ALTER TABLE `usuario`
  ADD PRIMARY KEY (`id`);

--
-- Indices de la tabla `vigencia`
--
ALTER TABLE `vigencia`
  ADD PRIMARY KEY (`id`);

--
-- AUTO_INCREMENT de las tablas volcadas
--

--
-- AUTO_INCREMENT de la tabla `boleta`
--
ALTER TABLE `boleta`
  MODIFY `id` int(11) NOT NULL AUTO_INCREMENT, AUTO_INCREMENT=34;
--
-- AUTO_INCREMENT de la tabla `usuario`
--
ALTER TABLE `usuario`
  MODIFY `id` int(11) NOT NULL AUTO_INCREMENT, AUTO_INCREMENT=4;
--
-- AUTO_INCREMENT de la tabla `vigencia`
--
ALTER TABLE `vigencia`
  MODIFY `id` int(11) NOT NULL AUTO_INCREMENT, AUTO_INCREMENT=14;
/*!40101 SET CHARACTER_SET_CLIENT=@OLD_CHARACTER_SET_CLIENT */;
/*!40101 SET CHARACTER_SET_RESULTS=@OLD_CHARACTER_SET_RESULTS */;
/*!40101 SET COLLATION_CONNECTION=@OLD_COLLATION_CONNECTION */;
